<personajes>
   <personaje>
      <nombre>Iron Man</nombre>
      <alias>Tony Stonk</alias>
      <genero>Masculino</genero>
      <poderes class="java.util.ArrayList">
         <poder>Vuelo</poder>
         <poder>Armadura tecnológica avanzada</poder>
         <poder>Rayos láser</poder>
      </poderes>
   </personaje>
   <personaje>
      <nombre>Spider-Man</nombre>
      <alias>Peter Parker</alias>
      <genero>Masculino</genero>
      <poderes class="java.util.ArrayList">
         <poder>Agilidad sobrehumana</poder>
         <poder>Trepamuros</poder>
         <poder>Sentido arácnido</poder>
      </poderes>
   </personaje>
</personajes>